{
    "qos": null, 
    "ncpus": null, 
    "move": [
        "POTCAR"
    ], 
    "ppn": "8", 
    "encut": null, 
    "remove": [], 
    "message": null, 
    "kpar": null, 
    "prop_step": null, 
    "err_types": null, 
    "copy": [
        "INCAR", 
        "KPOINTS"
    ], 
    "kpoints": null, 
    "initial": null, 
    "prop": null, 
    "priority": 1, 
    "extra_input_files": [], 
    "walltime": "16:00:00", 
    "prop_start": null, 
    "email": "johnct@umich.edu", 
    "prop_stop": null, 
    "fine_ngx": false, 
    "tol": null, 
    "ncore": null, 
    "compress": [], 
    "postrun": null, 
    "vasp_cmd": "/home/johnct/bin/vasp.5.3.mpi-nogamma", 
    "npar": null, 
    "preamble": null, 
    "calculator": null, 
    "pmem": null, 
    "account": null, 
    "prerun": null, 
    "name": null, 
    "nrg_convergence": null, 
    "final": null, 
    "queue": "batch", 
    "run_limit": null, 
    "strict_kpoints": false, 
    "backup": [], 
    "tol_amount": null, 
    "atom_per_proc": "4"
}